1,수원영통구,힐스테이트 영통아파트,아파트,경기도 수원영통구 망포동 728 힐스테이트 영통아파트,경기도 수원시 영통구 덕영대로 1462-14,16685,20170830
2,수원권선구,금곡삼익1차,아파트,경기도 수원권선구 금곡동 241 금곡삼익1차,경기도 수원시 권선구 금호로 45,16396,19950529
3,수원장안구,파장화남2차,아파트,경기도 수원장안구 파장동 470 파장화남2차,경기도 수원시 장안구 파장천로44번길 33,16204,19910524
4,수원장안구,포레나북수원,,경기도 수원장안구 파장동 640 포레나북수원,경기도 수원시 장안구 경수대로 1110-39,16206,20230927
5,수원장안구,백설마을동양성지,아파트,경기도 수원장안구 정자동 879-1 백설마을동양성지,경기도 수원시 장안구 정자천로133번길 26,16333,19991020
6,수원장안구,백설에듀빌,아파트,경기도 수원장안구 정자동 871-4 백설에듀빌,경기도 수원시 장안구 대평로89번길 32,16333,20010806
7,수원장안구,북수원 리버파크아파트,아파트,경기도 수원장안구 정자동 913 북수원 리버파크아파트,경기도 수원시 장안구 천천로74번길 35,16327,20021025
8,수원권선구,탑동삼성,아파트,경기도 수원권선구 탑동 763 탑동삼성,경기도 수원시 권선구 탑동로58번길 8,16604,19980924
9,수원장안구,삼환나우빌,아파트,경기도 수원장안구 정자동 880-3 삼환나우빌,경기도 수원시 장안구 천천로22번길 34,16332,19991125
10,수원장안구,수원SK스카이뷰,아파트,경기도 수원장안구 정자동 945 수원SK스카이뷰,경기도 수원시 장안구 이목로 24,16336,20130527
11,수원장안구,정자그린맨션,아파트,경기도 수원장안구 정자동 417 정자그린맨션,경기도 수원시 장안구 만석로159번길 77,16340,19900202
12,수원장안구,정자금강에스쁘아,아파트,경기도 수원장안구 정자동 69-45 정자금강에스쁘아,경기도 수원시 장안구 영화로71번길 24,16313,20050429
13,수원장안구,정자꽃뫼노을마을대동,아파트,경기도 수원장안구 정자동 888-2 정자꽃뫼노을마을대동,경기도 수원시 장안구 대평로39번길 8,16319,20000726
14,수원장안구,정자꽃뫼노을마을신안,아파트,경기도 수원장안구 정자동 883-6 정자꽃뫼노을마을신안,경기도 수원시 장안구 대평로51번길 22,16319,19991001
15,수원장안구,정자꽃뫼노을마을장안,아파트,경기도 수원장안구 정자동 900-1 정자꽃뫼노을마을장안,경기도 수원시 장안구 덕영대로639번길 70,16318,19990816
16,수원장안구,정자대월마을대림진흥,아파트,경기도 수원장안구 정자동 914 정자대월마을대림진흥,경기도 수원시 장안구 천천로74번길 92,16328,20011109
17,수원장안구,정자동신1차,아파트,경기도 수원장안구 정자동 395 정자동신1차,경기도 수원시 장안구 장안로 232,16340,19870530
18,수원장안구,정자동신2차,아파트,경기도 수원장안구 정자동 313-1!경기도 수원장안구 정자동 395-3 정자동신2차,경기도 수원시 장안구 장안로 211,16339,19880530
19,수원장안구,정자동신3차,아파트,경기도 수원장안구 정자동 303!경기도 수원장안구 정자동 304 정자동신3차,경기도 수원시 장안구 장안로 200!경기도 수원시 장안구 장안로 199,16340,19891215
20,수원장안구,정자두견마을벽산3차,아파트,경기도 수원장안구 정자동 884-4 정자두견마을벽산3차,경기도 수원시 장안구 정자천로188번길 28,16316,20000816
21,수원장안구,정자백설마을주공2단지,아파트,경기도 수원장안구 정자동 871-3 정자백설마을주공2단지,경기도 수원시 장안구 대평로89번길 10,16333,20010806
22,수원장안구,정자백설마을코오롱현대,아파트,경기도 수원장안구 정자동 870-1 정자백설마을코오롱현대,경기도 수원시 장안구 만석로68번길 10,16332,19990827
23,수원장안구,정자백설마을효성,아파트,경기도 수원장안구 정자동 880-2 정자백설마을효성,경기도 수원시 장안구 정자천로133번길 21,16332,20000121
24,수원장안구,정자벽산블루밍,아파트,경기도 수원장안구 정자동 423-1 정자벽산블루밍,경기도 수원시 장안구 파장로 53,16340,20070412
25,수원장안구,정자신미주,주상복합,경기도 수원장안구 정자동 29-1 정자신미주,경기도 수원시 장안구 수성로275번길 133,16315,19910813
26,수원장안구,정자신호,아파트,경기도 수원장안구 정자동 840-99!경기도 수원장안구 정자동 840-98 정자신호,경기도 수원시 장안구 대평로162번길 14!경기도 수원시 장안구 대평로162번길 11,16339,19961209
27,수원장안구,정자아너스빌,아파트,경기도 수원장안구 정자동 297-2 정자아너스빌,경기도 수원시 장안구 만석로159번길 31,16340,20060426
28,수원장안구,정자연꽃마을벽산,아파트,경기도 수원장안구 정자동 873-3 정자연꽃마을벽산,경기도 수원시 장안구 정자천로189번길 40,16335,20000630
29,수원장안구,정자연꽃마을풍림,아파트,경기도 수원장안구 정자동 872-1 정자연꽃마을풍림,경기도 수원시 장안구 정자천로189번길 47,16334,19991102
30,수원장안구,정자청솔마을SK한화,아파트,경기도 수원장안구 정자동 918!경기도 수원장안구 정자동 918 정자청솔마을SK한화,경기도 수원시 장안구 만석로20번길 25,16330,20020121
31,수원장안구,정자청솔마을한라비발디,아파트,경기도 수원장안구 정자동 919 정자청솔마을한라비발디,경기도 수원시 장안구 만석로20번길 28,16330,20010730
32,수원장안구,정자케이티이편한세상,아파트,경기도 수원장안구 정자동 24-1 정자케이티이편한세상,경기도 수원시 장안구 정자천로188번길 21,16315,20080128
33,수원장안구,정자한마루,아파트,경기도 수원장안구 정자동 881-4 정자한마루,경기도 수원시 장안구 덕영대로639번길 63,16320,20001026
34,수원장안구,정자현대아파트,아파트,경기도 수원장안구 정자동 30-1!경기도 수원장안구 정자동 30-9 정자현대아파트,경기도 수원시 장안구 정자천로188번길 71-21,16315,19891214
35,수원장안구,화서역 우방 센트럴파크,아파트,경기도 수원장안구 정자동 887-1 화서역 우방 센트럴파크,경기도 수원시 장안구 수성로245번길 21,16317,19990827
36,수원장안구,화서역 파크 푸르지오,아파트,경기도 수원장안구 정자동 950 화서역 파크 푸르지오,경기도 수원시 장안구 대평로 27,16318,20210823
37,수원장안구,화서역위너스파크아파트,아파트,경기도 수원장안구 정자동 922 화서역위너스파크아파트,경기도 수원시 장안구 천천로21번길 33,16330,20020914
38,수원장안구,화서역파크뷰아파트,아파트,경기도 수원장안구 정자동 882-5 화서역파크뷰아파트,경기도 수원시 장안구 대평로51번길 56,16319,20001215
39,수원장안구,화서역푸르지오브리시엘,,경기도 수원장안구 정자동 961 화서역푸르지오브리시엘,경기도 수원시 장안구 수성로157번길 60,16318,20230926
40,수원장안구,화서역현대벽산,아파트,경기도 수원장안구 정자동 886-1 화서역현대벽산,경기도 수원시 장안구 정자천로188번길 64,16316,19990803
41,수원장안구,수원장안STX칸,아파트,경기도 수원장안구 이목동 918!경기도 수원장안구 이목동 917 수원장안STX칸,경기도 수원시 장안구 장안로385번길 95!경기도 수원시 장안구 장안로 395,16342,20130228
42,수원장안구,수원장안힐스테이트,아파트,경기도 수원장안구 이목동 916 수원장안힐스테이트,경기도 수원시 장안구 장안로359번길 20,16343,20120228
43,수원장안구,서희스타힐스1단지2단지,아파트,경기도 수원장안구 율전동 561!경기도 수원장안구 율전동 562 서희스타힐스1단지2단지,경기도 수원시 장안구 덕영대로407번길 95!경기도 수원시 장안구 덕영대로407번길 80,16356,20111215
44,수원장안구,성균관대역 동문 디 이스트,아파트,경기도 수원장안구 율전동 365-1 성균관대역 동문 디 이스트,경기도 수원시 장안구 율전로101번길 73,16361,20171031
45,수원장안구,스타힐스3단지,아파트,경기도 수원장안구 율전동 560 스타힐스3단지,경기도 수원시 장안구 덕영대로407번길 83,16356,20101224
46,수원장안구,율전늘푸른벽산,아파트,경기도 수원장안구 율전동 322 율전늘푸른벽산,경기도 수원시 장안구 율전로101번길 40,16361,19980612
47,수원장안구,율전밤꽃마을뜨란채,아파트,경기도 수원장안구 율전동 546 율전밤꽃마을뜨란채,경기도 수원시 장안구 상률로 32,16354,20050913
48,수원장안구,율전밤꽃마을주공2단지,아파트,경기도 수원장안구 율전동 545 율전밤꽃마을주공2단지,경기도 수원시 장안구 상률로12번길 28,16355,20050908
49,수원장안구,율전벽산블루밍,아파트,경기도 수원장안구 율전동 543 율전벽산블루밍,경기도 수원시 장안구 덕영대로407번길 63-27,16356,20050429
50,수원장안구,천천삼성래미안,아파트,경기도 수원장안구 천천동 544 천천삼성래미안,경기도 수원시 장안구 화산로187번길 19,16418,20020426
51,수원팔달구,인계삼성,아파트,경기도 수원팔달구 인계동 371-1!경기도 수원팔달구 인계동 366 인계삼성,경기도 수원시 팔달구 권광로276번길 8!경기도 수원시 팔달구 권광로276번길 9,16534,19960430
52,수원장안구,율전신일,아파트,경기도 수원장안구 율전동 319 율전신일,경기도 수원시 장안구 화산로 263,16359,19971203
53,수원장안구,율전이안,아파트,경기도 수원장안구 율전동 375-2 율전이안,경기도 수원시 장안구 율전로 73,16361,20051010
54,수원장안구,율전화남,아파트,경기도 수원장안구 율전동 334-13 율전화남,경기도 수원시 장안구 화산로285번길 12,16361,19971224
55,수원장안구,비단마을베스트타운아파트,아파트,경기도 수원장안구 천천동 511 비단마을베스트타운아파트,경기도 수원시 장안구 정자로42번길 52,16325,20011122
56,수원장안구,삼호진덕,아파트,경기도 수원장안구 천천동 565 삼호진덕,경기도 수원시 장안구 하률로46번길 22,16324,19980320
57,수원권선구,신명,아파트,경기도 수원권선구 권선동 1185 신명,경기도 수원시 권선구 경수대로302번길 7,16583,19940723
58,수원장안구,천천비단마을영풍마드레빌,아파트,경기도 수원장안구 천천동 514 천천비단마을영풍마드레빌,경기도 수원시 장안구 덕영대로535번길 67,16325,20010525
59,수원장안구,천천비단마을현대성우우방,아파트,경기도 수원장안구 천천동 531 천천비단마을현대성우우방,경기도 수원시 장안구 만석로 29,16329,20020222
60,수원장안구,율전삼성2단지,아파트,경기도 수원장안구 율전동 419 율전삼성2단지,경기도 수원시 장안구 서부로 2067,16363,19980828
61,수원장안구,천천신안한일,아파트,경기도 수원장안구 천천동 563 천천신안한일,경기도 수원시 장안구 하률로30번길 22,16324,19971217
62,수원장안구,천천일성,아파트,경기도 수원장안구 천천동 569 천천일성,경기도 수원시 장안구 정자로19번길 18,16323,19970930
63,수원장안구,천천현대,아파트,경기도 수원장안구 천천동 566 천천현대,경기도 수원시 장안구 하률로46번길 17,16323,19971128
64,수원장안구,화서역푸르지오더에듀포레,아파트,경기도 수원장안구 천천동 333 화서역푸르지오더에듀포레,경기도 수원시 장안구 화산로 85,16420,20090116
65,수원장안구,동성영화타운,주상복합,경기도 수원장안구 영화동 308-1 동성영화타운,경기도 수원시 장안구 정조로 941,16271,19970510
66,수원장안구,송죽동진맨션,아파트,경기도 수원장안구 송죽동 462 송죽동진맨션,경기도 수원시 장안구 정조로1060번길 5,16304,19900416
67,수원장안구,송죽희훈루체팰리스,아파트,경기도 수원장안구 송죽동 513 송죽희훈루체팰리스,경기도 수원시 장안구 경수대로994번길 46,16298,20051207
68,수원장안구,수원 아너스빌 위즈,아파트,경기도 수원장안구 송죽동 517 수원 아너스빌 위즈,경기도 수원시 장안구 송원로 20,16307,20170418
69,수원장안구,수원로얄팰리스,주상복합,경기도 수원장안구 송죽동 514 수원로얄팰리스,경기도 수원시 장안구 송정로 83,16307,20060127
70,수원장안구,광교산스위첸,아파트,경기도 수원장안구 조원동 910 광교산스위첸,경기도 수원시 장안구 송원로 131-28,16294,20100604
71,수원장안구,광교산임광그대가,아파트,경기도 수원장안구 조원동 912 광교산임광그대가,경기도 수원시 장안구 수일로 205,16293,20100629
72,수원장안구,더샵광교산퍼스트파크 아파트,아파트,경기도 수원장안구 조원동 431-2 더샵광교산퍼스트파크 아파트,경기도 수원시 장안구 송정로 190,16287,20220527
73,수원장안구,수원한일타운아파트,아파트,경기도 수원장안구 조원동 881 수원한일타운아파트,경기도 수원시 장안구 경수대로976번길 22,16295,19990827
74,수원장안구,조원벽산,아파트,경기도 수원장안구 조원동 510 조원벽산,경기도 수원시 장안구 조원로 16,16279,19890718
75,수원장안구,조원주공뉴타운1단지,아파트,경기도 수원장안구 조원동 855 조원주공뉴타운1단지,경기도 수원시 장안구 금당로39번길 33,16278,20011211
76,수원장안구,조원주공뉴타운2단지,아파트,경기도 수원장안구 조원동 861 조원주공뉴타운2단지,경기도 수원시 장안구 금당로39번길 34,16281,20011211
77,수원장안구,서광교 파크 스위첸,아파트,경기도 수원장안구 연무동 244 서광교 파크 스위첸,경기도 수원시 장안구 창훈로 30,16217,20230525
78,수원장안구,연무성원,아파트,경기도 수원장안구 연무동 10 연무성원,경기도 수원시 장안구 창훈로60번길 31,16214,19990222
79,수원장안구,연무신미주,아파트,경기도 수원장안구 연무동 4-20 연무신미주,경기도 수원시 장안구 광교산로 148,16213,19971224
80,수원권선구,권선데시앙,아파트,경기도 수원권선구 세류동 1249 권선데시앙,경기도 수원시 권선구 세권로36번길 17,,20090909
81,수원권선구,세류미영,아파트,경기도 수원권선구 세류동 1147 세류미영,경기도 수원시 권선구 정조로 432,16658,19880620
82,수원권선구,금곡삼익3차,아파트,경기도 수원권선구 금곡동 79 금곡삼익3차,경기도 수원시 권선구 서수원로 589,16392,19980623
83,수원권선구,세류성원,아파트,경기도 수원권선구 세류동 141 세류성원,경기도 수원시 권선구 정조로 618,16574,19960429
84,수원권선구,세류한라녹턴,아파트,경기도 수원권선구 세류동 1248 세류한라녹턴,경기도 수원시 권선구 세지로 35,16578,20060727
85,수원권선구,세류한주,아파트,경기도 수원권선구 세류동 1021-4 세류한주,경기도 수원시 권선구 정조로514번길 32,16588,19950628
86,수원권선구,세류현대,아파트,경기도 수원권선구 세류동 846-1 세류현대,경기도 수원시 권선구 세지로 97,16577,19900430
87,수원권선구,수원권선어울림아파트,주상복합,경기도 수원권선구 세류동 1255 수원권선어울림아파트,경기도 수원시 권선구 세권로43번길 26-6,16575,20100422
88,수원권선구,수원역센트럴어반시티,아파트,경기도 수원권선구 세류동 1280 수원역센트럴어반시티,경기도 수원시 권선구 세권로 1,16593,20150729
89,수원권선구,수원역센트럴타운아파트,아파트,경기도 수원권선구 세류동 1270 수원역센트럴타운아파트,경기도 수원시 권선구 세류로 39,16592,20150729
90,수원영통구,광교해모로,아파트,경기도 수원영통구 이의동 1226 광교해모로,경기도 수원시 영통구 광교로 286,16228,20111007
91,수원권선구,평동동남,아파트,경기도 수원권선구 평동 151 평동동남,경기도 수원시 권선구 권선로436번길 21,16595,19991127
92,수원권선구,고색2차태산,아파트,경기도 수원권선구 고색동 887-56 고색2차태산,경기도 수원시 권선구 매송고색로691번길 9,16625,19980120
93,수원권선구,고색거산,아파트,경기도 수원권선구 고색동 306-1!경기도 수원권선구 고색동 287-4 고색거산,경기도 수원시 권선구 고현로5번길 30!경기도 수원시 권선구 고현로5번길 25,16649,20000510
94,수원권선구,고색대한,아파트,경기도 수원권선구 고색동 368-1 고색대한,경기도 수원시 권선구 서부로 1534,16650,19980131
95,수원권선구,고색상우,아파트,경기도 수원권선구 고색동 5-4 고색상우,경기도 수원시 권선구 매송고색로 751-17,16602,20000526
96,수원권선구,고색연합대원,아파트,경기도 수원권선구 고색동 291 고색연합대원,경기도 수원시 권선구 고산로6번길 45,16649,19980805
97,수원권선구,고색우림필유,아파트,경기도 수원권선구 고색동 915 고색우림필유,경기도 수원시 권선구 고색로 8,16650,20050930
98,수원권선구,고색태산1차,아파트,경기도 수원권선구 고색동 886-83 고색태산1차,경기도 수원시 권선구 매송고색로673번길 11,16625,19971217
99,수원권선구,수원권선꿈에그린아파트,아파트,경기도 수원권선구 오목천동  수원권선꿈에그린아파트,경기도 수원시 권선구 서수원로 99,16640,20180228
100,수원권선구,쌍용더플래티넘 오목천역,아파트,경기도 수원권선구 오목천동 482-2 쌍용더플래티넘 오목천역,경기도 수원시 권선구 삼천병마로1566번길 17,16636,20231130
101,수원권선구,오목천남광하우스토리,아파트,경기도 수원권선구 오목천동 962!경기도 수원권선구 오목천동 314-34 오목천남광하우스토리,경기도 수원시 권선구 삼천병마로1598번길 28-20!경기도 수원시 권선구 삼천병마로1598번길 28-16,16635,20070829
102,수원권선구,오목천대우푸르지오1단지,아파트,경기도 수원권선구 오목천동 951 오목천대우푸르지오1단지,경기도 수원시 권선구 서수원로 219,16635,20060123
103,수원권선구,오목천대우푸르지오2단지,아파트,경기도 수원권선구 오목천동 956 오목천대우푸르지오2단지,경기도 수원시 권선구 서수원로183번길 2,16636,20060123
104,수원권선구,오목천상송마을주공,아파트,경기도 수원권선구 오목천동 946 오목천상송마을주공,경기도 수원시 권선구 오목천로 15,16636,20051031
105,수원권선구,오목천역 서희스타힐스아파트,아파트,경기도 수원권선구 오목천동 1170 오목천역 서희스타힐스아파트,경기도 수원시 권선구 온정로9번길 36,16631,20161228
106,수원권선구,오목천영조아름다운나날,아파트,경기도 수원권선구 오목천동 961!경기도 수원권선구 오목천동 960 오목천영조아름다운나날,경기도 수원시 권선구 서수원로 161-12!경기도 수원시 권선구 서수원로 161-11,16636,20061215
107,수원권선구,오목천청구1차,아파트,경기도 수원권선구 오목천동 542 오목천청구1차,경기도 수원시 권선구 오목천로39번길 8,16636,20001014
108,수원권선구,오목천청구2차,아파트,경기도 수원권선구 오목천동 381 오목천청구2차,경기도 수원시 권선구 매송고색로506번길 17,16634,20020930
109,수원권선구,오목천태산,아파트,경기도 수원권선구 오목천동 323-2 오목천태산,경기도 수원시 권선구 매송고색로533번길 7,16631,19971210
110,수원권선구,서둔센트라우스,아파트,경기도 수원권선구 서둔동 371 서둔센트라우스,경기도 수원시 권선구 세화로168번길 15,16620,20051124
111,수원권선구,수원역한라비발디퍼스트,아파트,경기도 수원권선구 서둔동 418 수원역한라비발디퍼스트,경기도 수원시 권선구 세화로154번길 7-10,16621,20210617
112,수원권선구,화서동남,아파트,경기도 수원권선구 서둔동 361 화서동남,경기도 수원시 권선구 여기산로 54,16427,19871203
113,수원권선구,화서성일,아파트,경기도 수원권선구 서둔동 361-1 화서성일,경기도 수원시 권선구 여기산로 42,16427,19871203
114,수원권선구,힐스테이트수원테라스,연립주택,경기도 수원권선구 서둔동 459 힐스테이트수원테라스,경기도 수원시 권선구 금호로 285,16429,20230427
115,수원권선구,구운 강남아파트,아파트,경기도 수원권선구 구운동 463 구운 강남아파트,경기도 수원시 권선구 수성로 18,16426,19910213
116,수원권선구,구운삼환,아파트,경기도 수원권선구 구운동 462 구운삼환,경기도 수원시 권선구 수성로 47,16415,19910416
117,수원권선구,구운선경,아파트,경기도 수원권선구 구운동 466 구운선경,경기도 수원시 권선구 여기산로 19,16426,19900524
118,수원권선구,구운성원,아파트,경기도 수원권선구 구운동 893 구운성원,경기도 수원시 권선구 일월천로4번길 74,16413,19991029
119,수원권선구,구운일월청구,아파트,경기도 수원권선구 구운동 889 구운일월청구,경기도 수원시 권선구 수성로35번길 60,16414,20010312
120,수원권선구,엠코타운르본느,아파트,경기도 수원권선구 구운동 973 엠코타운르본느,경기도 수원시 권선구 구운로47번길 59,16408,20130208
121,수원권선구,코오롱하늘채아파트,아파트,경기도 수원권선구 구운동 890 코오롱하늘채아파트,경기도 수원시 권선구 일월천로16번길 39,16413,19991101
122,수원장안구,율전삼성1단지,아파트,경기도 수원장안구 율전동 468 율전삼성1단지,경기도 수원시 장안구 서부로 2065,16363,19980828
123,수원권선구,탑동우방파크타운,아파트,경기도 수원권선구 탑동 860 탑동우방파크타운,경기도 수원시 권선구 효탑로 50,16610,19990928
124,수원권선구,금곡강남,아파트,경기도 수원권선구 금곡동 66 금곡강남,경기도 수원시 권선구 서수원로 607,16392,19961210
125,수원권선구,금곡거산,아파트,경기도 수원권선구 금곡동 104-3 금곡거산,경기도 수원시 권선구 서수원로591번길 43,16392,19951127
126,수원권선구,금곡동성,아파트,경기도 수원권선구 금곡동 243 금곡동성,경기도 수원시 권선구 매곡로 100,16396,19990625
127,수원권선구,세류삼익,아파트,경기도 수원권선구 세류동 840 세류삼익,경기도 수원시 권선구 세지로 99,16577,19990715
128,수원장안구,파장삼익,아파트,경기도 수원장안구 파장동 212-5 파장삼익,경기도 수원시 장안구 경수대로 1102,16205,19781109
129,수원권선구,금곡신미주,아파트,경기도 수원권선구 금곡동 262-10 금곡신미주,경기도 수원시 권선구 금호로15번길 15,16398,19941201
130,수원권선구,금곡엘지빌리지아파트,아파트,경기도 수원권선구 금곡동 648!경기도 수원권선구 금곡동 530!경기도 수원권선구 금곡동 520 금곡엘지빌리지아파트,경기도 수원시 권선구 금곡로73번길 71!경기도 수원시 권선구 금곡로73번길 33!경기도 수원시 권선구 금곡로 45!경기도 수원시 권선구 금곡로31번길 7,16382,19981128
131,수원권선구,금곡일신건영,아파트,경기도 수원권선구 금곡동 252 금곡일신건영,경기도 수원시 권선구 매곡로 68,16398,19981121
132,수원권선구,수원 모아미래도센트럴타운 ,아파트,경기도 수원권선구 금곡동 1077!경기도 수원권선구 금곡동 1078 수원 모아미래도센트럴타운 ,경기도 수원시 권선구 서수원로577번길 305!경기도 수원시 권선구 서수원로577번길 341,16380,20170908
133,수원권선구,수원호매실휴먼시아4단지,아파트,경기도 수원권선구 금곡동 1072 수원호매실휴먼시아4단지,경기도 수원시 권선구 금곡로 137,16389,20110719
134,수원권선구,수원호매실휴먼시아8단지,아파트,경기도 수원권선구 금곡동 1 수원호매실휴먼시아8단지,경기도 수원시 권선구 금곡로140번길 29,16387,20111010
135,수원권선구,와이시티 (Y CITY),아파트,경기도 수원권선구 금곡동 760 와이시티 (Y CITY),경기도 수원시 권선구 금곡로 20,16385,20140811
136,수원권선구,호매실더센트라고,아파트,경기도 수원권선구 금곡동 1076 호매실더센트라고,경기도 수원시 권선구 서수원로577번길 263,16389,20140610
137,수원권선구,호매실역 서희스타힐스,아파트,경기도 수원권선구 금곡동 1081 호매실역 서희스타힐스,경기도 수원시 권선구 금곡로 46,16385,20111118
138,수원권선구,호반베르디움더센트럴아파트,아파트,경기도 수원권선구 금곡동 1147 호반베르디움더센트럴아파트,경기도 수원시 권선구 매곡로 43,16397,20170616
139,수원권선구,호반써밋 수원,아파트,경기도 수원권선구 금곡동 1146 호반써밋 수원,경기도 수원시 권선구 매곡로 67,16397,20170403
140,수원권선구,극동스타클래스,아파트,경기도 수원권선구 호매실동 1352 극동스타클래스,경기도 수원시 권선구 금곡로140번길 73,16387,20171121
141,수원권선구,수원 호매실벨섬시티 14단지,아파트,경기도 수원권선구 호매실동 1380 수원 호매실벨섬시티 14단지,경기도 수원시 권선구 호매실로218번길 22,16402,20171207
142,수원권선구,수원호매실능실마을22단지,아파트,경기도 수원권선구 호매실동 1415 수원호매실능실마을22단지,경기도 수원시 권선구 호매실로166번길 63,16629,20160129
143,수원권선구,수원호매실휴먼시아16단지,아파트,경기도 수원권선구 호매실동 5 수원호매실휴먼시아16단지,경기도 수원시 권선구 호매실로165번길 30,16628,20120215
144,수원권선구,수원호매실휴먼시아7단지,아파트,경기도 수원권선구 호매실동 1340 수원호매실휴먼시아7단지,경기도 수원시 권선구 금곡로102번길 126,16385,20111010
145,수원권선구,호매실 스타힐스,아파트,경기도 수원권선구 호매실동 1408 호매실 스타힐스,경기도 수원시 권선구 호매실로 103,16627,20180405
146,수원권선구,호매실 엔루체,아파트,경기도 수원권선구 호매실동 1414 호매실 엔루체,경기도 수원시 권선구 호매실로166번길 70,16629,20161230
147,수원권선구,호매실GS,아파트,경기도 수원권선구 호매실동 377 호매실GS,경기도 수원시 권선구 매실로 70,16395,19980611
148,수원권선구,호매실경남아너스빌 ,아파트,경기도 수원권선구 호매실동 1-1 호매실경남아너스빌 ,경기도 수원시 권선구 호매실로165번길 70,16628,20111118
149,수원권선구,호매실금호 어울림 에듀포레,아파트,경기도 수원권선구 호매실동 1420 호매실금호 어울림 에듀포레,경기도 수원시 권선구 호매실로165번길 71,16628,20190814
150,수원권선구,호매실마을13단지,아파트,경기도 수원권선구 호매실동 1371 호매실마을13단지,경기도 수원시 권선구 호매실로218번길 111,16402,20150205
151,수원권선구,호매실삼익2차,아파트,경기도 수원권선구 호매실동 82-5 호매실삼익2차,경기도 수원시 권선구 매실로 61,16395,19980623
152,수원권선구,호매실스위첸,아파트,경기도 수원권선구 호매실동 1092 호매실스위첸,경기도 수원시 권선구 호매실로166번길 63,16629,20140811
153,수원권선구,호매실신미주,아파트,경기도 수원권선구 호매실동 452 호매실신미주,경기도 수원시 권선구 금호로 14-8,16399,19940802
154,수원권선구,호매실쌍용,아파트,경기도 수원권선구 호매실동 453-6 호매실쌍용,경기도 수원시 권선구 매실로19번길 19,16399,19980729
155,수원권선구,호매실한양수자인파크원,아파트,경기도 수원권선구 호매실동 1361 호매실한양수자인파크원,경기도 수원시 권선구 칠보로 102,16401,20180531
156,수원권선구,힐스테이트호매실,아파트,경기도 수원권선구 호매실동 1393 힐스테이트호매실,경기도 수원시 권선구 호매실로166번길 33,16629,20181130
157,수원권선구,곡반정한솔,아파트,경기도 수원권선구 곡반정동 579 곡반정한솔,경기도 수원시 권선구 동수원로58번길 21,16671,20001117
158,수원권선구,곡반정현대아이파크,아파트,경기도 수원권선구 곡반정동 578 곡반정현대아이파크,경기도 수원시 권선구 곡선로50번길 48,16671,20020425
159,수원영통구,원천1차삼성아파트,아파트,경기도 수원영통구 원천동 333-3 원천1차삼성아파트,경기도 수원시 영통구 삼성로268번길 8,16522,19921211
160,수원권선구,수원하늘채더퍼스트1단지,아파트,경기도 수원권선구 곡반정동 652 수원하늘채더퍼스트1단지,경기도 수원시 권선구 망포로 13,16668,20220613
161,수원권선구,수원하늘채더퍼스트2단지,아파트,경기도 수원권선구 곡반정동 654 수원하늘채더퍼스트2단지,경기도 수원시 권선구 망포로 14,16668,20220613
162,수원권선구,신일유토빌,아파트,경기도 수원권선구 곡반정동 548 신일유토빌,경기도 수원시 권선구 동수원로146번길 281-25,16670,20130412
163,수원권선구,권선3단지상록,아파트,경기도 수원권선구 권선동 1303 권선3단지상록,경기도 수원시 권선구 세권로316번길 15,16552,20010917
164,수원권선구,권선3주공1단지,아파트,경기도 수원권선구 권선동 1314 권선3주공1단지,경기도 수원시 권선구 덕영대로1323번길 25-8,16554,20010503
165,수원권선구,권선3지구대림,아파트,경기도 수원권선구 권선동 1321 권선3지구대림,경기도 수원시 권선구 덕영대로1323번길 26-31,16555,20010329
166,수원권선구,권선3지구우남1차,아파트,경기도 수원권선구 권선동 1315 권선3지구우남1차,경기도 수원시 권선구 덕영대로1323번길 25-33,16554,20020607
167,수원권선구,권선3지구현대,아파트,경기도 수원권선구 권선동 1306 권선3지구현대,경기도 수원시 권선구 세권로316번길 49,16552,20000922
168,수원권선구,권선5단지상록아파트,아파트,경기도 수원권선구 권선동 1298 권선5단지상록아파트,경기도 수원시 권선구 세권로304번길 47,16553,20010615
169,수원권선구,권선대우,아파트,경기도 수원권선구 권선동 1305 권선대우,경기도 수원시 권선구 동탄원천로813번길 16,16552,20000725
170,수원권선구,권선대원신동아,아파트,경기도 수원권선구 권선동 1274 권선대원신동아,경기도 수원시 권선구 권중로 136,16559,19960420
171,수원권선구,권선두산동아,아파트,경기도 수원권선구 권선동 1199-1 권선두산동아,경기도 수원시 권선구 덕영대로1217번길 24,16584,19940423
172,수원권선구,권선벽산,아파트,경기도 수원권선구 권선동 1270 권선벽산,경기도 수원시 권선구 권중로 158,16557,19960217
173,수원권선구,권선벽산한성,아파트,경기도 수원권선구 권선동 1267 권선벽산한성,경기도 수원시 권선구 권중로 99,16558,19951226
174,수원팔달구,우만삼성,아파트,경기도 수원팔달구 우만동 76-7 우만삼성,경기도 수원시 팔달구 아주로 17,16497,19951226
175,수원권선구,권선삼천리1차,아파트,경기도 수원권선구 권선동 1186 권선삼천리1차,경기도 수원시 권선구 권광로27번길 62,16583,19940509
176,수원권선구,권선삼천리2차,아파트,경기도 수원권선구 권선동 1238 권선삼천리2차,경기도 수원시 권선구 매탄로 25,16550,19960201
177,수원권선구,권선성지,아파트,경기도 수원권선구 권선동 1188-1 권선성지,경기도 수원시 권선구 경수대로302번길 32,16585,19941119
178,수원권선구,권선신우,아파트,경기도 수원권선구 권선동 1263 권선신우,경기도 수원시 권선구 권중로 82,16556,19960425
179,수원권선구,권선신현대,아파트,경기도 수원권선구 권선동 1187-1 권선신현대,경기도 수원시 권선구 권광로27번길 22,16583,19931103
180,수원권선구,권선써미트빌,아파트,경기도 수원권선구 권선동 1323 권선써미트빌,경기도 수원시 권선구 덕영대로1323번길 26-24,16555,20010919
181,수원권선구,권선유원보성,아파트,경기도 수원권선구 권선동 1265 권선유원보성,경기도 수원시 권선구 권중로 110,16560,19960228
182,수원권선구,권선일신우남,아파트,경기도 수원권선구 권선동 1320 권선일신우남,경기도 수원시 권선구 덕영대로1323번길 26-7,16555,20000809
183,수원권선구,권선자이e편한세상,아파트,경기도 수원권선구 권선동 1330 권선자이e편한세상,경기도 수원시 권선구 권광로 55,16582,20110921
184,수원권선구,권선풍림신안,아파트,경기도 수원권선구 권선동 1235 권선풍림신안,경기도 수원시 권선구 권중로 31,16563,19960531
185,수원권선구,권선한양,아파트,경기도 수원권선구 권선동 1188 권선한양,경기도 수원시 권선구 경수대로302번길 22,16585,19940826
186,수원권선구,권선한효,아파트,경기도 수원권선구 권선동 1063-1 권선한효,경기도 수원시 권선구 세권로196번길 22,16581,19911123
187,수원권선구,권선현대,아파트,경기도 수원권선구 권선동 1240 권선현대,경기도 수원시 권선구 매탄로 11,16550,19960425
188,수원권선구,매탄권선역 리버파크,아파트,경기도 수원권선구 권선동 1304 매탄권선역 리버파크,경기도 수원시 권선구 세권로 334,16552,20010810
189,수원권선구,수원시청역SK뷰,아파트,경기도 수원권선구 권선동 1036!경기도 수원권선구 권선동 1035 수원시청역SK뷰,경기도 수원시 권선구 권선로694번길 26,16567,20081107
190,수원권선구,수원아이파크시티 5!6단지 아파트,아파트,경기도 수원권선구 권선동 1356!경기도 수원권선구 권선동 1355 수원아이파크시티 5!6단지 아파트,경기도 수원시 권선구 곡선로 10,16666,20150825
191,수원권선구,수원아이파크시티1단지,아파트,경기도 수원권선구 권선동 1360 수원아이파크시티1단지,경기도 수원시 권선구 동수원로145번길 74,16663,20111029
192,수원권선구,수원아이파크시티2단지,아파트,경기도 수원권선구 권선동 1361 수원아이파크시티2단지,경기도 수원시 권선구 동수원로145번길 24,16663,20120120
193,수원권선구,수원아이파크시티3단지,아파트,경기도 수원권선구 권선동 1359 수원아이파크시티3단지,경기도 수원시 권선구 동수원로145번길 73,16664,20111029
194,수원권선구,수원아이파크시티4단지,아파트,경기도 수원권선구 권선동 1357 수원아이파크시티4단지,경기도 수원시 권선구 동수원로145번길 23,16664,20120120
195,수원권선구,수원아이파크시티7단지,아파트,경기도 수원권선구 권선동 1337!경기도 수원권선구 권선동 1337-1596 수원아이파크시티7단지,경기도 수원시 권선구 덕영대로1190번길 100,16662,20160822
196,수원권선구,수원아이파크시티8단지,아파트,경기도 수원권선구 권선동 1364 수원아이파크시티8단지,경기도 수원시 권선구 동수원로177번길 40,16663,20170629
197,수원권선구,수원아이파크시티9단지,아파트,경기도 수원권선구 권선동 1362 수원아이파크시티9단지,경기도 수원시 권선구 동수원로177번길 90,16663,20170629
198,수원영통구,영통신나무실신명동보,아파트,경기도 수원영통구 영통동 968 영통신나무실신명동보,경기도 수원시 영통구 봉영로1517번길 76,16699,19971216
199,수원권선구,씨즈더원,아파트,경기도 수원권선구 권선동 1011-9 씨즈더원,경기도 수원시 권선구 효원로220번길 17,16571,20150313
200,수원권선구,서수원레이크푸르지오1단지,아파트,경기도 수원권선구 입북동 814 서수원레이크푸르지오1단지,경기도 수원시 권선구 입북로77번길 62,16365,20140204
201,수원권선구,서수원레이크푸르지오2단지,아파트,경기도 수원권선구 입북동 815!경기도 수원권선구 입북동 815 서수원레이크푸르지오2단지,경기도 수원시 권선구 입북로77번길 61,16365,20140204
202,수원권선구,서수원자이,아파트,경기도 수원권선구 입북동 810 서수원자이,경기도 수원시 권선구 입북로 50,16369,20090226
203,수원권선구,LH수원당수1단지아파트,아파트,경기도 수원권선구 당수동 388-19 LH수원당수1단지아파트,경기도 수원시 권선구 당수로130번길 13,16373,20230428
204,수원권선구,당수삼정,아파트,경기도 수원권선구 당수동 218-1 당수삼정,경기도 수원시 권선구 당진로14번길 46,16374,19970408
205,수원권선구,당수인정프린스,아파트,경기도 수원권선구 당수동 287 당수인정프린스,경기도 수원시 권선구 당진로15번길 53,16378,19981109
206,수원권선구,당수한라비발디2단지,아파트,경기도 수원권선구 당수동 742 당수한라비발디2단지,경기도 수원시 권선구 당진로31번길 16,16377,20041130
207,수원권선구,서수원쌍용스윗닷홈,아파트,경기도 수원권선구 당수동 745!경기도 수원권선구 당수동 744 서수원쌍용스윗닷홈,경기도 수원시 권선구 당진로31번길 51-18!경기도 수원시 권선구 당진로31번길 51-20,16378,20050922
208,수원권선구,서수원한라비발디3단지,아파트,경기도 수원권선구 당수동 333 서수원한라비발디3단지,경기도 수원시 권선구 당수로129번길 28 ,,20230525
209,수원권선구,수원당수라포리엘4단지아파트,아파트,경기도 수원권선구 당수동  수원당수라포리엘4단지아파트,경기도 수원시 권선구 당수로129번길 10,16379,20230616
210,수원권선구,한라비발디아파트1단지,아파트,경기도 수원권선구 당수동 743 한라비발디아파트1단지,경기도 수원시 권선구 당진로15번길 19-10,16376,20041130
211,수원팔달구,교동풍림아이원,주상복합,경기도 수원팔달구 교동 185-7 교동풍림아이원,경기도 수원시 팔달구 매산로104번길 10,16464,20050407
212,수원팔달구,매교문화맨션,아파트,경기도 수원팔달구 매교동 158-6 매교문화맨션,경기도 수원시 팔달구 정조로 659,16467,19790530
213,수원팔달구,매교역 푸르지오 SK VIEW 아파트,아파트,경기도 수원팔달구 매교동 209-14 매교역 푸르지오 SK VIEW 아파트,경기도 수원시 팔달구 인계로 20,16469,20230907
214,수원팔달구,힐스테이트푸르지오수원아파트,아파트,경기도 수원팔달구 매교동 287-110 힐스테이트푸르지오수원아파트,경기도 수원시 팔달구 효원로93번길 33!경기도 수원시 팔달구 효원로93번길 34,16464,20230525
215,수원팔달구,대한대우,아파트,경기도 수원팔달구 매산로2가 90 대한대우,경기도 수원시 팔달구 권선로 477,16461,19991214
216,수원팔달구,루체스타 도시형생활주택,연립주택,경기도 수원팔달구 고등동 305-10 루체스타 도시형생활주택,경기도 수원시 팔달구 갓매산로76번길 10,16454,20200917
217,수원팔달구,수원고등LH2단지,아파트,경기도 수원팔달구 고등동 272-50 수원고등LH2단지,경기도 수원시 팔달구 고등로 8,16453,20210115
218,수원팔달구,수원역 푸르지오 더 스마트,아파트,경기도 수원팔달구 고등동 201-38 수원역 푸르지오 더 스마트,경기도 수원시 팔달구 고등로 13,16452,20220503
219,수원팔달구,수원역푸르지오자이,아파트,경기도 수원팔달구 고등동 1-1 수원역푸르지오자이,경기도 수원시 팔달구 고등로 15,16452,20210129
220,수원팔달구,꽃뫼버들마을 코오롱아파트,아파트,경기도 수원팔달구 화서동 730 꽃뫼버들마을 코오롱아파트,경기도 수원시 팔달구 일월로18번길 4-26,16424,20020311
221,수원팔달구,신동아아파트 ,아파트,경기도 수원팔달구 화서동 684-2 신동아아파트 ,경기도 수원시 팔달구 화산로 24,16425,19991029
222,수원팔달구,화서3단지주공아파트,아파트,경기도 수원팔달구 화서동 646 화서3단지주공아파트,경기도 수원시 팔달구 덕영대로697번길 47,16435,19970409
223,수원팔달구,화서꽃뫼노을마을풍림,아파트,경기도 수원팔달구 화서동 674-1 화서꽃뫼노을마을풍림,경기도 수원시 팔달구 수성로157번길 75,16321,19990917
224,수원팔달구,화서꽃뫼버들마을금강kcc,아파트,경기도 수원팔달구 화서동 709 화서꽃뫼버들마을금강kcc,경기도 수원시 팔달구 정자천로32번길 27,16423,20020419
225,수원팔달구,화서꽃뫼버들마을엘지,아파트,경기도 수원팔달구 화서동 713 화서꽃뫼버들마을엘지,경기도 수원시 팔달구 정자천로32번길 20,16422,20010512
226,수원팔달구,화서꽃뫼버들마을진흥,아파트,경기도 수원팔달구 화서동 706 화서꽃뫼버들마을진흥,경기도 수원시 팔달구 화산로 57,16423,20020117
227,수원팔달구,화서꽃뫼양지마을대우,아파트,경기도 수원팔달구 화서동 703 화서꽃뫼양지마을대우,경기도 수원시 팔달구 수성로101번길 20,16425,20010626
228,수원팔달구,화서꽃뫼양지마을현대,아파트,경기도 수원팔달구 화서동 700 화서꽃뫼양지마을현대,경기도 수원시 팔달구 화산로17번길 6,16425,20020712
229,수원팔달구,화서동문굿모닝힐,아파트,경기도 수원팔달구 화서동 761 화서동문굿모닝힐,경기도 수원시 팔달구 화양로67번길 10,16435,20100630
230,수원팔달구,화서벽산,아파트,경기도 수원팔달구 화서동 11-41 화서벽산,경기도 수원시 팔달구 팔달로165번길 39,16438,19911120
231,수원팔달구,화서성원상떼빌,아파트,경기도 수원팔달구 화서동 11-11 화서성원상떼빌,경기도 수원시 팔달구 장안로5번길 45,16434,20011204
232,수원팔달구,화서역 블루밍푸른숲아파트,아파트,경기도 수원팔달구 화서동 250-4 화서역 블루밍푸른숲아파트,경기도 수원시 팔달구 화양로50번길 30,16438,20090623
233,수원팔달구,화서영광아파트,아파트,경기도 수원팔달구 화서동 220-4 화서영광아파트,경기도 수원시 팔달구 덕영대로757번길 10,16443,19930421
234,수원팔달구,화서위브하늘채,아파트,경기도 수원팔달구 화서동 743 화서위브하늘채,경기도 수원시 팔달구 수성로244번길 25,16433,20090525
235,수원팔달구,화서주공4단지,아파트,경기도 수원팔달구 화서동 650 화서주공4단지,경기도 수원시 팔달구 덕영대로697번길 48,16435,19970502
236,수원팔달구,화서주공5단지,아파트,경기도 수원팔달구 화서동 650 화서주공5단지,경기도 수원시 팔달구 덕영대로697번길 48,16435,19970502
237,수원팔달구,화서한신더휴,아파트,경기도 수원팔달구 화서동 769 화서한신더휴,경기도 수원시 팔달구 수성로258번길 52,16434,20140627
238,수원팔달구,화서한진현대,아파트,경기도 수원팔달구 화서동 656 화서한진현대,경기도 수원시 팔달구 덕영대로735번길 18,16437,19971215
239,수원팔달구,포레스트,도시형 생활주택(아파트),경기도 수원팔달구 지동 365-20 포레스트,경기도 수원시 팔달구 세지로 279-1,16245,20140327
240,수원팔달구,동수원신도브래뉴,아파트,경기도 수원팔달구 우만동 606 동수원신도브래뉴,경기도 수원시 팔달구 중부대로183번길 27,16494,20070821
241,수원팔달구,동수원월드메르디앙,아파트,경기도 수원팔달구 우만동 600 동수원월드메르디앙,경기도 수원시 팔달구 권광로 373,16493,20040614
242,수원팔달구,로얄타워,주상복합,경기도 수원팔달구 우만동 85-3 로얄타워,경기도 수원시 팔달구 중부대로239번길 5,16498,20121017
243,수원팔달구,수원우만3,아파트,경기도 수원팔달구 우만동 301 수원우만3,경기도 수원시 팔달구 창룡대로210번길 13,16230,19920328
244,수원팔달구,수원우만동양우내안애애플 도시형생활주택,아파트,경기도 수원팔달구 우만동 607 수원우만동양우내안애애플 도시형생활주택,경기도 수원시 팔달구 권광로367번길 11,16494,20130903
245,수원영통구,영통청명마을동신,아파트,경기도 수원영통구 영통동 956-2 영통청명마을동신,경기도 수원시 영통구 영통로 460,16707,19980623
246,수원팔달구,우만선경,아파트,경기도 수원팔달구 우만동 98 우만선경,경기도 수원시 팔달구 중부대로 215,16498,19951030
247,수원팔달구,우만신성미소지움,아파트,경기도 수원팔달구 우만동 138 우만신성미소지움,경기도 수원시 팔달구 중부대로 193,16494,20021218
248,수원팔달구,우만주공1단지,아파트,경기도 수원팔달구 우만동 28 우만주공1단지,경기도 수원시 팔달구 중부대로223번길 102,16496,19880610
249,수원팔달구,우만주공2단지,아파트,경기도 수원팔달구 우만동 28 우만주공2단지,경기도 수원시 팔달구 중부대로223번길 54-13,16496,19890828
250,수원팔달구,우만주공4단지,아파트,경기도 수원팔달구 우만동 300 우만주공4단지,경기도 수원시 팔달구 창룡대로 194,16231,19920328
251,수원팔달구,우만풍림,아파트,경기도 수원팔달구 우만동 497!경기도 수원팔달구 우만동 498!경기도 수원팔달구 우만동 496 우만풍림,경기도 수원시 팔달구 세지로 433-13!경기도 수원시 팔달구 세지로 439-14!경기도 수원시 팔달구 세지로 439-13,16234,19871226
252,수원팔달구,우만한일베라체에코플러스아파트,아파트,경기도 수원팔달구 우만동 139-18 우만한일베라체에코플러스아파트,경기도 수원시 팔달구 중부대로 203,16498,20220620
253,수원팔달구,우만현대,아파트,경기도 수원팔달구 우만동 129-1 우만현대,경기도 수원시 팔달구 권광로364번길 7-2,16496,19850628
254,수원팔달구,동수원cj,아파트,경기도 수원팔달구 인계동 209-7 동수원cj,경기도 수원시 팔달구 경수대로565번길 26,16471,20010529
255,수원영통구,영통삼성태영아파트,아파트,경기도 수원영통구 영통동 969-1 영통삼성태영아파트,경기도 수원시 영통구 봉영로1517번길 73,16700,19971212
256,수원팔달구,수원센트럴아이파크자이아파트,아파트,경기도 수원팔달구 인계동 847-3 수원센트럴아이파크자이아파트,경기도 수원시 팔달구 인계로 21,16475,20230728
257,수원팔달구,수원인계동 동문굿모닝힐 아파트,아파트,경기도 수원팔달구 인계동 1171 수원인계동 동문굿모닝힐 아파트,경기도 수원시 팔달구 중부대로206번길 17,16530,20201125
258,수원팔달구,신반포수원,아파트,경기도 수원팔달구 인계동 319-6 신반포수원,경기도 수원시 팔달구 장다리로306번길 13,16484,19801202
259,수원팔달구,인계극동스타클래스,아파트,경기도 수원팔달구 인계동 945 인계극동스타클래스,경기도 수원시 팔달구 경수대로 534,16484,20090602
260,수원팔달구,인계리치안 도시형생활주택,도시형 생활주택(아파트),경기도 수원팔달구 인계동 1035-7 인계리치안 도시형생활주택,경기도 수원시 팔달구 경수대로466번길 59,16489,20190429
261,수원장안구,삼성미도,아파트,경기도 수원장안구 정자동 378 삼성미도,경기도 수원시 장안구 대평로162번길 50,16339,19970809
262,수원팔달구,인계선경1차,아파트,경기도 수원팔달구 인계동 163 인계선경1차,경기도 수원시 팔달구 권광로317번길 12,16485,19930628
263,수원팔달구,인계선경3차,아파트,경기도 수원팔달구 인계동 159 인계선경3차,경기도 수원시 팔달구 권광로317번길 15,16485,19960430
264,수원팔달구,인계수정,아파트,경기도 수원팔달구 인계동 303-3 인계수정,경기도 수원시 팔달구 장다리로306번길 45,16484,20090216
265,수원팔달구,인계파밀리에,아파트,경기도 수원팔달구 인계동 865-10 인계파밀리에,경기도 수원시 팔달구 세지로 211,16475,20090604
266,수원팔달구,인계푸르지오,주상복합,경기도 수원팔달구 인계동 1169 인계푸르지오,경기도 수원시 팔달구 중부대로170번길 17,16485,20121218
267,수원팔달구,인계한양수자인,주상복합,경기도 수원팔달구 인계동 1170 인계한양수자인,경기도 수원시 팔달구 중부대로 80,16471,20190429
268,수원팔달구,코스모골드,도시형 생활주택(주상복합),경기도 수원팔달구 인계동 939-5 코스모골드,경기도 수원시 팔달구 장다리로 325,16483,20140722
269,수원팔달구,한화꿈에그린파크,주상복합,경기도 수원팔달구 인계동 1127-1 한화꿈에그린파크,경기도 수원시 팔달구 효원로308번길 16,16491,20100318
270,수원영통구,매탄극동,아파트,경기도 수원영통구 매탄동 50 매탄극동,경기도 수원시 영통구 매봉로27번길 11,16526,19981030
271,수원영통구,매탄금성5차,아파트,경기도 수원영통구 매탄동 1211-1 매탄금성5차,경기도 수원시 영통구 동탄원천로 1089,16527,19931209
272,수원영통구,매탄동남,아파트,경기도 수원영통구 매탄동 810-2 매탄동남,경기도 수원시 영통구 동수원로 432,16537,19890705
273,수원영통구,매탄동남빌라,연립주택,경기도 수원영통구 매탄동 197 매탄동남빌라,경기도 수원시 영통구 매영로 9,16524,19920721
274,수원영통구,매탄레이크파크아파트,아파트,경기도 수원영통구 매탄동 1230 매탄레이크파크아파트,경기도 수원시 영통구 매영로 132,16674,19990810
275,수원영통구,매탄삼성3차,아파트,경기도 수원영통구 매탄동 1217-7 매탄삼성3차,경기도 수원시 영통구 동탄원천로 1035,16542,19931209
276,수원영통구,매탄삼성2차,아파트,경기도 수원영통구 매탄동 810 매탄삼성2차,경기도 수원시 영통구 매영로 10,16538,19890725
277,수원영통구,매탄삼성1차아파트,아파트,경기도 수원영통구 매탄동 810-3 매탄삼성1차아파트,경기도 수원시 영통구 인계로 219,16537,19881027
278,수원영통구,매탄성일,아파트,경기도 수원영통구 매탄동 810-4 매탄성일,경기도 수원시 영통구 인계로 239,16537,19880825
279,수원영통구,매탄우남퍼스트빌,아파트,경기도 수원영통구 매탄동 1274 매탄우남퍼스트빌,경기도 수원시 영통구 매탄로 82,16547,20020129
280,수원영통구,매탄우성,아파트,경기도 수원영통구 매탄동 164-10 매탄우성,경기도 수원시 영통구 권광로290번길 34-18,16533,19980421
281,수원영통구,매탄원천성일,아파트,경기도 수원영통구 매탄동 1199 매탄원천성일,경기도 수원시 영통구 동탄원천로1109번길 42,16528,19921217
282,수원영통구,매탄위브하늘채,아파트,경기도 수원영통구 매탄동 1352 매탄위브하늘채,경기도 수원시 영통구 효원로 363,16543,20080509
283,수원영통구,매탄이편한세상,아파트,경기도 수원영통구 매탄동 1209 매탄이편한세상,경기도 수원시 영통구 매봉로 20,16527,20100528
284,수원영통구,매탄임광,아파트,경기도 수원영통구 매탄동 1162 매탄임광,경기도 수원시 영통구 동수원로 316,16546,19901228
285,수원영통구,매탄주공5단지,아파트,경기도 수원영통구 매탄동 897 매탄주공5단지,경기도 수원시 영통구 인계로 165,16535,19851211
286,수원영통구,매탄주공그린빌1단지,아파트,경기도 수원영통구 매탄동 1258 매탄주공그린빌1단지,경기도 수원시 영통구 매탄로126번길 22,16545,20020119
287,수원영통구,매탄주공그린빌2단지,아파트,경기도 수원영통구 매탄동 1260 매탄주공그린빌2단지,경기도 수원시 영통구 매탄로126번길 66,16545,20020119
288,수원영통구,매탄주공그린빌3단지,아파트,경기도 수원영통구 매탄동 1277 매탄주공그린빌3단지,경기도 수원시 영통구 동탄원천로915번길 36,16547,20020507
289,수원영통구,매탄주공그린빌4단지,아파트,경기도 수원영통구 매탄동 1280 매탄주공그린빌4단지,경기도 수원시 영통구 동탄원천로915번길 33,16548,20020507
290,수원영통구,매탄주공그린빌5단지,아파트,경기도 수원영통구 매탄동 1282 매탄주공그린빌5단지,경기도 수원시 영통구 동탄원천로881번길 35,16548,20020507
291,수원영통구,매탄주공그린빌6단지,아파트,경기도 수원영통구 매탄동 1285 매탄주공그린빌6단지,경기도 수원시 영통구 동탄원천로881번길 19,16548,20011211
292,수원영통구,매탄한국1차,아파트,경기도 수원영통구 매탄동 1211 매탄한국1차,경기도 수원시 영통구 동탄원천로1109번길 37,16527,19940117
293,수원영통구,매탄현대,아파트,경기도 수원영통구 매탄동 810-1 매탄현대,경기도 수원시 영통구 동수원로 448,16538,19890706
294,수원영통구,매탄현대힐스테이트,아파트,경기도 수원영통구 매탄동 176 매탄현대힐스테이트,경기도 수원시 영통구 권광로260번길 36,16532,20060227
295,수원영통구,한국2차,아파트,경기도 수원영통구 매탄동 1217 한국2차,경기도 수원시 영통구 매영로 84,16542,19931029
296,수원영통구,경기행복주택 2차 (수원광교 공공실버),아파트,경기도 수원영통구 원천동 565 경기행복주택 2차 (수원광교 공공실버),경기도 수원시 영통구 월드컵로150번길 55,16500,20190218
297,수원영통구,광교 중흥S-클래스 아파트,아파트,경기도 수원영통구 원천동 589 광교 중흥S-클래스 아파트,경기도 수원시 영통구 광교호수공원로 277,16517,20190530
298,수원영통구,광교더샵,아파트,경기도 수원영통구 원천동 604 광교더샵,경기도 수원시 영통구 광교호수로 15,16515,20180801
299,수원영통구,광교아이파크아파트,주상복합,경기도 수원영통구 원천동 593 광교아이파크아파트,경기도 수원시 영통구 광교호수공원로 80,16514,20180928
300,수원영통구,광교에일린의뜰,아파트,경기도 수원영통구 원천동 590 광교에일린의뜰,경기도 수원시 영통구 광교호수공원로 155,16517,20121217
301,수원영통구,광교원천 행복주택아파트,아파트,경기도 수원영통구 원천동 559 광교원천 행복주택아파트,경기도 수원시 영통구 광교중앙로49번길 40,16500,20201027
302,수원영통구,광교호반베르디움,아파트,경기도 수원영통구 원천동 606 광교호반베르디움,경기도 수원시 영통구 광교호수공원로 45,16516,20140602
303,수원영통구,영흥숲푸르지오파크비엔,아파트,경기도 수원영통구 원천동 309 영흥숲푸르지오파크비엔,경기도 수원시 영통구 영흥숲길 50,16523,20230628
304,수원권선구,권선삼성,아파트,경기도 수원권선구 권선동 1185-1 권선삼성,경기도 수원시 권선구 경수대로302번길 29,16583,19930701
305,수원영통구,원천레이크파크,아파트,경기도 수원영통구 원천동 548 원천레이크파크,경기도 수원시 영통구 중부대로448번길 28,16519,19990918
306,수원영통구,원천신미주,아파트,경기도 수원영통구 원천동 300-3 원천신미주,경기도 수원시 영통구 삼성로 308,16522,19960930
307,수원영통구,원천주공,아파트,경기도 수원영통구 원천동 35 원천주공,경기도 수원시 영통구 중부대로271번길 27-9,16501,19870714
308,수원영통구,포레나 영흥숲 아파트,,경기도 수원영통구 원천동 632 포레나 영흥숲 아파트,경기도 수원시 영통구 삼성로268번길 30,16522,20231123
309,수원영통구,e편한세상 TERRACE 광교 East hill,아파트,경기도 수원영통구 이의동 1214 e편한세상 TERRACE 광교 East hill,경기도 수원시 영통구 웰빙타운로36번길 46-23,16223,20170404
310,수원영통구,e편한세상 TERRACE 광교 West hill,연립주택,경기도 수원영통구 이의동 1197 e편한세상 TERRACE 광교 West hill,경기도 수원시 영통구 웰빙타운로56번길 76,16223,20170404
311,수원영통구,e편한세상광교,아파트,경기도 수원영통구 이의동 1326 e편한세상광교,경기도 수원시 영통구 센트럴타운로 76,16505,20121206
312,수원영통구,광교2차E-편한세상,아파트,경기도 수원영통구 이의동 1200 광교2차E-편한세상,경기도 수원시 영통구 웰빙타운로 50,16223,20111202
313,수원영통구,광교센트럴뷰아파트,아파트,경기도 수원영통구 이의동 1334 광교센트럴뷰아파트,경기도 수원시 영통구 센트럴타운로22번길 36,16505,20131104
314,수원영통구,광교에듀타운50단지,아파트,경기도 수원영통구 이의동 1370 광교에듀타운50단지,경기도 수원시 영통구 에듀타운로 7,16509,20140626
315,수원영통구,광교에듀타운자이1단지,아파트,경기도 수원영통구 이의동 1367 광교에듀타운자이1단지,경기도 수원시 영통구 에듀타운로 35,16509,20121205
316,수원영통구,광교에듀타운자이2단지,아파트,경기도 수원영통구 이의동 1353 광교에듀타운자이2단지,경기도 수원시 영통구 에듀타운로 65,16509,20121205
317,수원영통구,광교역참누리포레스트,아파트,경기도 수원영통구 이의동 1252 광교역참누리포레스트,경기도 수원시 영통구 대학3로 55,16225,20150730
318,수원영통구,광교오드카운티,아파트,경기도 수원영통구 이의동 1303 광교오드카운티,경기도 수원시 영통구 센트럴파크로 100,16504,20120217
319,수원영통구,광교자연앤자이3단지 아파트,아파트,경기도 수원영통구 이의동 1339 광교자연앤자이3단지 아파트,경기도 수원시 영통구 도청로17번길 23,16509,20121205
320,수원영통구,광교자연앤힐스테이트,아파트,경기도 수원영통구 이의동 1344 광교자연앤힐스테이트,경기도 수원시 영통구 도청로 65,16509,20121129
321,수원영통구,광교파크자이더테라스,아파트,경기도 수원영통구 이의동 1177 광교파크자이더테라스,경기도 수원시 영통구 웰빙타운로 130,16224,20170224
322,수원영통구,광교푸르지오월드마크,주상복합,경기도 수원영통구 이의동 1331 광교푸르지오월드마크,경기도 수원시 영통구 센트럴타운로 107,16507,20150806
323,수원영통구,광교한양수자인,아파트,경기도 수원영통구 이의동 1211 광교한양수자인,경기도 수원시 영통구 웰빙타운로 19,16224,20110729
324,수원권선구,수원역해모로아파트,아파트,경기도 수원권선구 세류동 1260 수원역해모로아파트,경기도 수원시 권선구 세류로 60,16459,20150729
325,수원영통구,광교호반베르디움,아파트,경기도 수원영통구 이의동 1184 광교호반베르디움,경기도 수원시 영통구 웰빙타운로 70,16222,20111215
326,수원영통구,광교호반베르디움트라엘아파트,아파트,경기도 수원영통구 이의동 1229 광교호반베르디움트라엘아파트,경기도 수원시 영통구 대학로 98,16224,20170428
327,수원영통구,래미안영통마크원2단지,아파트,경기도 수원영통구 신동 507-2 래미안영통마크원2단지,경기도 수원시 영통구 삼성로 11,16682,20131108
328,수원영통구,수원광교 행복주택,도시형 생활주택(주상복합),경기도 수원영통구 이의동 1284 수원광교 행복주택,경기도 수원시 영통구 창룡대로 250,16229,20180618
329,수원영통구,써밋플레이스 광교,주상복합,경기도 수원영통구 이의동 1332 써밋플레이스 광교,경기도 수원시 영통구 센트럴타운로 85,16507,20150226
330,수원영통구,호반가든하임,연립주택,경기도 수원영통구 이의동 1212 호반가든하임,경기도 수원시 영통구 웰빙타운로 20,16223,20111215
331,수원영통구,광교 모아엘가 레이크 뷰,아파트,경기도 수원영통구 하동 1028 광교 모아엘가 레이크 뷰,경기도 수원시 영통구 광교호수로152번길 24,16513,20140124
332,수원영통구,광교더리브아파트,아파트,경기도 수원영통구 하동 1013 광교더리브아파트,경기도 수원시 영통구 센트럴파크로 34,16514,20131104
333,수원영통구,광교레이크파크수자인,아파트,경기도 수원영통구 하동 1027 광교레이크파크수자인,경기도 수원시 영통구 광교호수로152번길 23,16513,20120713
334,수원영통구,광교마을40단지,아파트,경기도 수원영통구 하동 1001 광교마을40단지,경기도 수원시 영통구 광교마을로 156,16510,20131212
335,수원영통구,광교상록공무원아파트,아파트,경기도 수원영통구 하동 992 광교상록공무원아파트,경기도 수원시 영통구 법조로150번길 19,16512,20120608
336,수원영통구,광교호반마을21단지,아파트,경기도 수원영통구 하동 1032 광교호반마을21단지,경기도 수원시 영통구 광교호수로152번길 80,16513,20140124
337,수원영통구,광교호수마을 호반써밋,아파트,경기도 수원영통구 하동 994 광교호수마을 호반써밋,경기도 수원시 영통구 법조로 134,16512,20110929
338,수원영통구,광교호수마을휴먼시아32단지,아파트,경기도 수원영통구 하동 956 광교호수마을휴먼시아32단지,경기도 수원시 영통구 광교중앙로 247,16512,20111107
339,수원영통구,광교휴먼시아20단지,아파트,경기도 수원영통구 하동 1034 광교휴먼시아20단지,경기도 수원시 영통구 광교호수로 84,16513,20111024
340,수원영통구,힐스테이트광교아파트,아파트,경기도 수원영통구 하동 1021 힐스테이트광교아파트,경기도 수원시 영통구 센트럴파크로 6,16514,20180529
341,수원영통구,(살구마을)동아서광성지진덕,아파트,경기도 수원영통구 영통동 988-2 (살구마을)동아서광성지진덕,경기도 수원시 영통구 봉영로 1526,16701,19980126
342,수원영통구,벽적골두산한신우성,아파트,경기도 수원영통구 영통동 973-3 벽적골두산한신우성,경기도 수원시 영통구 영통로 232,16698,19971216
343,수원영통구,수원 영통 라온프라이빗,아파트,경기도 수원영통구 영통동 1154 수원 영통 라온프라이빗,경기도 수원시 영통구 영통로200번길 111,16693,20170926
344,수원영통구,수원영통벽적골주공1아파트,아파트,경기도 수원영통구 영통동 972-2 수원영통벽적골주공1아파트,경기도 수원시 영통구 영통로290번길 26,16698,19971210
345,수원영통구,영통3차풍림아이원,아파트,경기도 수원영통구 영통동 1093 영통3차풍림아이원,경기도 수원시 영통구 봉영로1482번길 18,16695,20021025
346,수원영통구,영통e편한세상,아파트,경기도 수원영통구 영통동 987-1 영통e편한세상,경기도 수원시 영통구 영통로200번길 239,16695,20070803
347,수원영통구,영통건영1차아파트,아파트,경기도 수원영통구 영통동 1047-1 영통건영1차아파트,경기도 수원시 영통구 청명로 100,16709,19990218
348,수원영통구,영통대우월드마크,주상복합,경기도 수원영통구 영통동 996-3 영통대우월드마크,경기도 수원시 영통구 봉영로 1620,16704,20080609
349,수원영통구,영통벽산풍림,아파트,경기도 수원영통구 영통동 1053-2 영통벽산풍림,경기도 수원시 영통구 봉영로1744번길 11,16713,19971212
350,수원영통구,영통벽적골롯데,아파트,경기도 수원영통구 영통동 971-1 영통벽적골롯데,경기도 수원시 영통구 덕영대로1555번길 16,16700,20020330
351,수원영통구,영통벽적골주공8-2단지,아파트,경기도 수원영통구 영통동 972-2 영통벽적골주공8-2단지,경기도 수원시 영통구 영통로290번길 26,16698,19971215
352,수원영통구,영통벽적골주공9,아파트,경기도 수원영통구 영통동 970-3 영통벽적골주공9,경기도 수원시 영통구 봉영로1517번길 27,16700,19991110
353,수원권선구,권선동삼성아파트(곡반정동),아파트,경기도 수원권선구 곡반정동 580 권선동삼성아파트(곡반정동),경기도 수원시 권선구 곡선로50번길 73,16671,20001027
354,수원영통구,영통센트럴파크뷰,아파트,경기도 수원영통구 영통동 948-4 영통센트럴파크뷰,경기도 수원시 영통구 영통로514번길 53,16712,19990503
355,수원영통구,영통신나무실건영2차,아파트,경기도 수원영통구 영통동 966-2 영통신나무실건영2차,경기도 수원시 영통구 매영로 346,16699,20000720
356,수원영통구,영통신나무실극동풍림,아파트,경기도 수원영통구 영통동 967-2 영통신나무실극동풍림,경기도 수원시 영통구 봉영로1517번길 30,16699,19990930
357,수원장안구,천천비단마을신명,아파트,경기도 수원장안구 천천동 482 천천비단마을신명,경기도 수원시 장안구 정자로41번길 12,16323,20011122
358,수원영통구,영통신나무실신성신안쌍용진흥,아파트,경기도 수원영통구 영통동 963-2 영통신나무실신성신안쌍용진흥,경기도 수원시 영통구 매영로310번길 12,16697,19971216
359,수원영통구,영통신나무실신원미주,아파트,경기도 수원영통구 영통동 965-2 영통신나무실신원미주,경기도 수원시 영통구 매영로310번길 27,16699,19991229
360,수원영통구,영통신나무실주공5단지,아파트,경기도 수원영통구 영통동 964-5 영통신나무실주공5단지,경기도 수원시 영통구 영통로290번길 25,16697,19971215
361,수원영통구,영통아이파크,아파트,경기도 수원영통구 영통동 1153 영통아이파크,경기도 수원시 영통구 삼성로320번길 62,16706,20060728
362,수원영통구,영통에듀파크,아파트,경기도 수원영통구 영통동 957-6 영통에듀파크,경기도 수원시 영통구 청명로 132,16707,19971212
363,수원영통구,래미안영통마크원1단지,아파트,경기도 수원영통구 신동 939 래미안영통마크원1단지,경기도 수원시 영통구 권선로908번길 72,16682,20131108
364,수원영통구,영통청명마을대우,아파트,경기도 수원영통구 영통동 956-2 영통청명마을대우,경기도 수원시 영통구 영통로 460,16707,19980623
365,수원영통구,영통청명마을4삼성래미안,아파트,경기도 수원영통구 영통동 1046-1 영통청명마을4삼성래미안,경기도 수원시 영통구 청명북로 33,16709,20011030
366,수원영통구,영통현대아파트,아파트,경기도 수원영통구 영통동 989-2 영통현대아파트,경기도 수원시 영통구 매영로 366,16701,19980528
367,수원영통구,영통황골마을쌍용,아파트,경기도 수원영통구 영통동 1052-2 영통황골마을쌍용,경기도 수원시 영통구 봉영로1744번길 16,16711,19980310
368,수원영통구,영통황골주공1차,아파트,경기도 수원영통구 영통동 955-1 영통황골주공1차,경기도 수원시 영통구 영통로 498,16708,19971216
369,수원영통구,청명센트레빌,아파트,경기도 수원영통구 영통동 1166!경기도 용인기흥구 영덕동 513 청명센트레빌,경기도 수원시 영통구 영통로525번길 35,16706,20130604
370,수원영통구,청명주공,아파트,경기도 수원영통구 영통동 1048-2 청명주공,경기도 수원시 영통구 청명북로 81,16709,19971212
371,수원영통구,황골마을신명한국,아파트,경기도 수원영통구 영통동 1054-3 황골마을신명한국,경기도 수원시 영통구 봉영로1770번길 21,16713,19971231
372,수원팔달구,래미안노블클래스1단지2단지,아파트,경기도 수원팔달구 인계동 465!경기도 수원팔달구 인계동 384 래미안노블클래스1단지2단지,경기도 수원시 팔달구 권광로 246!경기도 수원시 팔달구 권광로 243,16534,20090826
373,수원영통구,래미안광교,아파트,경기도 수원영통구 이의동 1304 래미안광교,경기도 수원시 영통구 센트럴파크로 60,16504,20120217
374,수원영통구,e편한세상 영통2차 2단지,아파트,경기도 수원영통구 망포동 727 e편한세상 영통2차 2단지,경기도 수원시 영통구 봉영로 1432-25,16694,20161213
375,수원영통구,e편한세상영통2차,아파트,경기도 수원영통구 망포동 726 e편한세상영통2차,경기도 수원시 영통구 봉영로 1410-17,16694,20161213
376,수원영통구,그대가센트럴파크,아파트,경기도 수원영통구 망포동 722 그대가센트럴파크,경기도 수원시 영통구 영통로174번길 12,16690,20100831
377,수원영통구,그대가프리미어,아파트,경기도 수원영통구 망포동 720 그대가프리미어,경기도 수원시 영통구 덕영대로1484번길 21,16689,20100803
378,수원영통구,동수원 자이2차 아파트 ,아파트,경기도 수원영통구 망포동 690 동수원 자이2차 아파트 ,경기도 수원시 영통구 태장로71번길 15,16688,20020724
379,수원영통구,동수원2차쌍용스윗닷홈,아파트,경기도 수원영통구 망포동 702 동수원2차쌍용스윗닷홈,경기도 수원시 영통구 태장로54번길 122,16687,20041129
380,수원영통구,동수원자이1차,아파트,경기도 수원영통구 망포동 686 동수원자이1차,경기도 수원시 영통구 태장로82번길 32,16687,20011205
381,수원영통구,망포2차현대아이파크,아파트,경기도 수원영통구 망포동 683 망포2차현대아이파크,경기도 수원시 영통구 태장로 45,16688,20021031
382,수원영통구,망포늘푸른벽산,아파트,경기도 수원영통구 망포동 488 망포늘푸른벽산,경기도 수원시 영통구 영통로90번길 4-27,16692,20001130
383,수원영통구,망포쌍용에듀파크,아파트,경기도 수원영통구 망포동 700 망포쌍용에듀파크,경기도 수원시 영통구 태장로7번길 38,16685,20040924
384,수원영통구,망포역 아이파크,아파트,경기도 수원영통구 망포동 693!경기도 수원영통구 망포동 694 망포역 아이파크,경기도 수원시 영통구 영통로200번길 20!경기도 수원시 영통구 영통로174번길 43-20,16690,20020628
385,수원영통구,망포역마을쌍용1차아파트,아파트,경기도 수원영통구 망포동 691 망포역마을쌍용1차아파트,경기도 수원시 영통구 영통로173번길 37,16689,20020425
386,수원영통구,벽산e빌리지 아파트,아파트,경기도 수원영통구 망포동 696 벽산e빌리지 아파트,경기도 수원시 영통구 동탄지성로488번길 22,16686,20020725
387,수원영통구,센트럴하이츠,아파트,경기도 수원영통구 망포동 718 센트럴하이츠,경기도 수원시 영통구 영통로154번길 51-16,16690,20100709
388,수원영통구,엘지동수원자이,아파트,경기도 수원영통구 망포동 698 엘지동수원자이,경기도 수원시 영통구 영통로 111,16687,20030627
389,수원영통구,영통 SK VIEW 아파트 ,아파트,경기도 수원영통구 망포동 466 영통 SK VIEW 아파트 ,경기도 수원시 영통구 영통로200번길 112,16693,20160610
390,수원영통구,영통뜨란채,아파트,경기도 수원영통구 망포동 707 영통뜨란채,경기도 수원시 영통구 영통로200번길 156,16694,20050921
391,수원영통구,영통롯데캐슬엘클래스1단지,아파트,경기도 수원영통구 망포동 805 영통롯데캐슬엘클래스1단지,경기도 수원시 영통구 망포로47번길 30,16714,20221212
392,수원영통구,영통롯데캐슬엘클래스2단지,,경기도 수원영통구 망포동 810 영통롯데캐슬엘클래스2단지,경기도 수원시 영통구 망포로48번길 7,16714,20221212
393,수원영통구,영통마젤란21,아파트,경기도 수원영통구 망포동 509-1!경기도 수원영통구 망포동 509-2 영통마젤란21,경기도 수원시 영통구 영통로154번길 113!경기도 수원시 영통구 영통로154번길 116,16693,20061129
394,수원영통구,영통삼정라츠,아파트,경기도 수원영통구 망포동 717 영통삼정라츠,경기도 수원시 영통구 영통로90번길 4-22,16692,20080901
395,수원영통구,영통아이파크캐슬1단지,아파트,경기도 수원영통구 망포동 766 영통아이파크캐슬1단지,경기도 수원시 영통구 덕영대로 1410,16684,20190312
396,수원영통구,영통아이파크캐슬2단지 아파트,아파트,경기도 수원영통구 망포동 760 영통아이파크캐슬2단지 아파트,경기도 수원시 영통구 덕영대로 1400,16684,20190121
397,수원영통구,영통아이파크캐슬3단지아파트,아파트,경기도 수원영통구 망포동 790 영통아이파크캐슬3단지아파트,경기도 수원시 영통구 망포로84번길 10,16684,20220929
398,수원영통구,영통자이아파트,아파트,경기도 수원영통구 망포동 800 영통자이아파트,경기도 수원시 영통구 영통로89번길 83,16687,20220831
399,수원영통구,한양수자인에듀파크,아파트,경기도 수원영통구 망포동 723 한양수자인에듀파크,경기도 수원시 영통구 영통로154번길 56,16691,20131203
